{"stat.walkOneCm":29673,"achievement.openInventory":26,"stat.leaveGame":4,"achievement.legends.origin":5,"stat.damageTaken":2147483647,"stat.mineBlock.3":1,"stat.mobKills":2,"stat.flyOneCm":123524,"stat.deaths":1,"stat.drop":1,"stat.jump":128,"stat.playOneMinute":17314,"stat.fallOneCm":211,"stat.useItem.3":1,"stat.damageDealt":315,"stat.killEntity.Cow":1,"stat.killEntity.Pig":1,"achievement.exploreAllBiomes":{"value":0,"progress":["ForestHills","DesertHills","Roofed Forest","Forest","Plains","Desert"]}}